prod_id,prod_name,category,brand,supplier_id,price
1,Tata Rice 10 kg,Grocery,Tata,42,13648.0
2,Fortune Rice 10 kg,Grocery,Fortune,77,372.0
3,Aashirvaad Rice 10 kg,Grocery,Aashirvaad,30,20024.0
4,Amul Rice 10 kg,Grocery,Amul,5,181.0
5,ITC Rice 10 kg,Grocery,ITC,1,26780.0
6,Nestle Rice 10 kg,Grocery,Nestle,80,92003.0
7,Britannia Rice 10 kg,Grocery,Britannia,34,92611.0
8,Parle Rice 10 kg,Grocery,Parle,49,70614.0
9,Patanjali Rice 10 kg,Grocery,Patanjali,30,11921.0
10,Mother Dairy Rice 10 kg,Grocery,Mother Dairy,33,99400.0
11,Tata Wheat Flour 5 kg,Grocery,Tata,70,92582.0
12,Fortune Wheat Flour 5 kg,Grocery,Fortune,48,20838.0
13,Aashirvaad Wheat Flour 5 kg,Grocery,Aashirvaad,85,78121.0
14,Amul Wheat Flour 5 kg,Grocery,Amul,42,78665.0
15,ITC Wheat Flour 5 kg,Grocery,ITC,29,44181.0
16,Nestle Wheat Flour 5 kg,Grocery,Nestle,41,83360.0
17,Britannia Wheat Flour 5 kg,Grocery,Britannia,86,2024.0
18,Parle Wheat Flour 5 kg,Grocery,Parle,26,40978.0
19,Patanjali Wheat Flour 5 kg,Grocery,Patanjali,70,83947.0
20,Mother Dairy Wheat Flour 5 kg,Grocery,Mother Dairy,13,90734.0
21,Tata Sugar 5 kg,Grocery,Tata,89,58611.0
22,Fortune Sugar 5 kg,Grocery,Fortune,6,96801.0
23,Aashirvaad Sugar 5 kg,Grocery,Aashirvaad,3,94725.0
24,Amul Sugar 5 kg,Grocery,Amul,77,24022.0
25,ITC Sugar 5 kg,Grocery,ITC,34,72905.0
26,Nestle Sugar 5 kg,Grocery,Nestle,61,1832.0
27,Britannia Sugar 5 kg,Grocery,Britannia,87,87925.0
28,Parle Sugar 5 kg,Grocery,Parle,31,23025.0
29,Patanjali Sugar 5 kg,Grocery,Patanjali,46,38238.0
30,Mother Dairy Sugar 5 kg,Grocery,Mother Dairy,45,30417.0
31,Tata Cooking Oil 5 L,Grocery,Tata,63,80822.0
32,Fortune Cooking Oil 5 L,Grocery,Fortune,71,74785.0
33,Aashirvaad Cooking Oil 5 L,Grocery,Aashirvaad,50,30893.0
34,Amul Cooking Oil 5 L,Grocery,Amul,7,59552.0
35,ITC Cooking Oil 5 L,Grocery,ITC,38,90927.0
36,Nestle Cooking Oil 5 L,Grocery,Nestle,53,63636.0
37,Britannia Cooking Oil 5 L,Grocery,Britannia,89,93338.0
38,Parle Cooking Oil 5 L,Grocery,Parle,38,21307.0
39,Patanjali Cooking Oil 5 L,Grocery,Patanjali,47,31023.0
40,Mother Dairy Cooking Oil 5 L,Grocery,Mother Dairy,72,54255.0
41,Tata Salt 1 kg,Grocery,Tata,51,92045.0
42,Fortune Salt 1 kg,Grocery,Fortune,82,52842.0
43,Aashirvaad Salt 1 kg,Grocery,Aashirvaad,78,75406.0
44,Amul Salt 1 kg,Grocery,Amul,70,44901.0
45,ITC Salt 1 kg,Grocery,ITC,12,76648.0
46,Nestle Salt 1 kg,Grocery,Nestle,16,35264.0
47,Britannia Salt 1 kg,Grocery,Britannia,62,35488.0
48,Parle Salt 1 kg,Grocery,Parle,32,8756.0
49,Patanjali Salt 1 kg,Grocery,Patanjali,91,13147.0
50,Mother Dairy Salt 1 kg,Grocery,Mother Dairy,82,60799.0
51,Tata Pulses 1 kg,Grocery,Tata,88,70388.0
52,Fortune Pulses 1 kg,Grocery,Fortune,90,70746.0
53,Aashirvaad Pulses 1 kg,Grocery,Aashirvaad,26,30200.0
54,Amul Pulses 1 kg,Grocery,Amul,19,98159.0
55,ITC Pulses 1 kg,Grocery,ITC,83,9257.0
56,Nestle Pulses 1 kg,Grocery,Nestle,17,58377.0
57,Britannia Pulses 1 kg,Grocery,Britannia,81,67385.0
58,Parle Pulses 1 kg,Grocery,Parle,55,99764.0
59,Patanjali Pulses 1 kg,Grocery,Patanjali,76,39284.0
60,Mother Dairy Pulses 1 kg,Grocery,Mother Dairy,76,43167.0
61,Tata Tea 500 g,Grocery,Tata,18,21369.0
62,Fortune Tea 500 g,Grocery,Fortune,9,43555.0
63,Aashirvaad Tea 500 g,Grocery,Aashirvaad,75,60432.0
64,Amul Tea 500 g,Grocery,Amul,47,48579.0
65,ITC Tea 500 g,Grocery,ITC,90,95249.0
66,Nestle Tea 500 g,Grocery,Nestle,24,84960.0
67,Britannia Tea 500 g,Grocery,Britannia,73,87049.0
68,Parle Tea 500 g,Grocery,Parle,5,99012.0
69,Patanjali Tea 500 g,Grocery,Patanjali,47,78214.0
70,Mother Dairy Tea 500 g,Grocery,Mother Dairy,43,17927.0
71,Tata Coffee 250 g,Grocery,Tata,71,7374.0
72,Fortune Coffee 250 g,Grocery,Fortune,68,22335.0
73,Aashirvaad Coffee 250 g,Grocery,Aashirvaad,36,57536.0
74,Amul Coffee 250 g,Grocery,Amul,25,3851.0
75,ITC Coffee 250 g,Grocery,ITC,37,61691.0
76,Nestle Coffee 250 g,Grocery,Nestle,52,30062.0
77,Britannia Coffee 250 g,Grocery,Britannia,91,81707.0
78,Parle Coffee 250 g,Grocery,Parle,23,31199.0
79,Patanjali Coffee 250 g,Grocery,Patanjali,80,1277.0
80,Mother Dairy Coffee 250 g,Grocery,Mother Dairy,83,69043.0
81,Tata Breakfast Cereal 1 kg,Grocery,Tata,32,96557.0
82,Fortune Breakfast Cereal 1 kg,Grocery,Fortune,14,83182.0
83,Aashirvaad Breakfast Cereal 1 kg,Grocery,Aashirvaad,80,39656.0
84,Amul Breakfast Cereal 1 kg,Grocery,Amul,34,3724.0
85,ITC Breakfast Cereal 1 kg,Grocery,ITC,6,28894.0
86,Nestle Breakfast Cereal 1 kg,Grocery,Nestle,10,32408.0
87,Britannia Breakfast Cereal 1 kg,Grocery,Britannia,29,17175.0
88,Parle Breakfast Cereal 1 kg,Grocery,Parle,17,10593.0
89,Patanjali Breakfast Cereal 1 kg,Grocery,Patanjali,62,14463.0
90,Mother Dairy Breakfast Cereal 1 kg,Grocery,Mother Dairy,38,33954.0
91,Tata Biscuits Pack,Grocery,Tata,57,50089.0
92,Fortune Biscuits Pack,Grocery,Fortune,30,94137.0
93,Aashirvaad Biscuits Pack,Grocery,Aashirvaad,48,12940.0
94,Amul Biscuits Pack,Grocery,Amul,85,86235.0
95,ITC Biscuits Pack,Grocery,ITC,32,80763.0
96,Nestle Biscuits Pack,Grocery,Nestle,10,91812.0
97,Britannia Biscuits Pack,Grocery,Britannia,83,24451.0
98,Parle Biscuits Pack,Grocery,Parle,69,89780.0
99,Patanjali Biscuits Pack,Grocery,Patanjali,60,31849.0
100,Mother Dairy Biscuits Pack,Grocery,Mother Dairy,2,7944.0
101,Samsung Smartphone,Electronics,Samsung,15,83037.0
102,Sony Smartphone,Electronics,Sony,38,53249.0
103,LG Smartphone,Electronics,LG,77,13734.0
104,Philips Smartphone,Electronics,Philips,61,39582.0
105,Boat Smartphone,Electronics,Boat,86,13495.0
106,OnePlus Smartphone,Electronics,OnePlus,40,28227.0
107,Apple Smartphone,Electronics,Apple,47,74641.0
108,Mi Smartphone,Electronics,Mi,80,96642.0
109,Dell Smartphone,Electronics,Dell,60,2524.0
110,HP Smartphone,Electronics,HP,9,80916.0
111,Lenovo Smartphone,Electronics,Lenovo,67,77158.0
112,Asus Smartphone,Electronics,Asus,51,28338.0
113,Samsung Laptop,Electronics,Samsung,10,47821.0
114,Sony Laptop,Electronics,Sony,83,33897.0
115,LG Laptop,Electronics,LG,62,38783.0
116,Philips Laptop,Electronics,Philips,33,73913.0
117,Boat Laptop,Electronics,Boat,90,63849.0
118,OnePlus Laptop,Electronics,OnePlus,35,99924.0
119,Apple Laptop,Electronics,Apple,41,3334.0
120,Mi Laptop,Electronics,Mi,67,17623.0
121,Dell Laptop,Electronics,Dell,41,52697.0
122,HP Laptop,Electronics,HP,6,58112.0
123,Lenovo Laptop,Electronics,Lenovo,55,99726.0
124,Asus Laptop,Electronics,Asus,29,69986.0
125,Samsung Tablet,Electronics,Samsung,66,8618.0
126,Sony Tablet,Electronics,Sony,80,36482.0
127,LG Tablet,Electronics,LG,89,91435.0
128,Philips Tablet,Electronics,Philips,86,55125.0
129,Boat Tablet,Electronics,Boat,63,95124.0
130,OnePlus Tablet,Electronics,OnePlus,26,22495.0
131,Apple Tablet,Electronics,Apple,16,9521.0
132,Mi Tablet,Electronics,Mi,34,76580.0
133,Dell Tablet,Electronics,Dell,51,89757.0
134,HP Tablet,Electronics,HP,19,66896.0
135,Lenovo Tablet,Electronics,Lenovo,27,16338.0
136,Asus Tablet,Electronics,Asus,33,74751.0
137,Samsung Smartwatch,Electronics,Samsung,12,68406.0
138,Sony Smartwatch,Electronics,Sony,60,20049.0
139,LG Smartwatch,Electronics,LG,73,85864.0
140,Philips Smartwatch,Electronics,Philips,67,74091.0
141,Boat Smartwatch,Electronics,Boat,45,61897.0
142,OnePlus Smartwatch,Electronics,OnePlus,14,23132.0
143,Apple Smartwatch,Electronics,Apple,44,57402.0
144,Mi Smartwatch,Electronics,Mi,32,71184.0
145,Dell Smartwatch,Electronics,Dell,8,51653.0
146,HP Smartwatch,Electronics,HP,9,72424.0
147,Lenovo Smartwatch,Electronics,Lenovo,36,63877.0
148,Asus Smartwatch,Electronics,Asus,35,3778.0
149,Samsung Headphones,Electronics,Samsung,48,13744.0
150,Sony Headphones,Electronics,Sony,51,15355.0
151,LG Headphones,Electronics,LG,77,1110.0
152,Philips Headphones,Electronics,Philips,41,83722.0
153,Boat Headphones,Electronics,Boat,18,21078.0
154,OnePlus Headphones,Electronics,OnePlus,43,64040.0
155,Apple Headphones,Electronics,Apple,22,38683.0
156,Mi Headphones,Electronics,Mi,13,67257.0
157,Dell Headphones,Electronics,Dell,62,65193.0
158,HP Headphones,Electronics,HP,11,2257.0
159,Lenovo Headphones,Electronics,Lenovo,3,92922.0
160,Asus Headphones,Electronics,Asus,88,89144.0
161,Samsung Bluetooth Speaker,Electronics,Samsung,60,95244.0
162,Sony Bluetooth Speaker,Electronics,Sony,51,58561.0
163,LG Bluetooth Speaker,Electronics,LG,60,79342.0
164,Philips Bluetooth Speaker,Electronics,Philips,34,21668.0
165,Boat Bluetooth Speaker,Electronics,Boat,1,26838.0
166,OnePlus Bluetooth Speaker,Electronics,OnePlus,60,35450.0
167,Apple Bluetooth Speaker,Electronics,Apple,4,48904.0
168,Mi Bluetooth Speaker,Electronics,Mi,48,70066.0
169,Dell Bluetooth Speaker,Electronics,Dell,88,80882.0
170,HP Bluetooth Speaker,Electronics,HP,2,26728.0
171,Lenovo Bluetooth Speaker,Electronics,Lenovo,48,64504.0
172,Asus Bluetooth Speaker,Electronics,Asus,5,106.0
173,Samsung TV 42 inch,Electronics,Samsung,46,51904.0
174,Sony TV 42 inch,Electronics,Sony,25,47212.0
175,LG TV 42 inch,Electronics,LG,12,94682.0
176,Philips TV 42 inch,Electronics,Philips,83,2023.0
177,Boat TV 42 inch,Electronics,Boat,48,44945.0
178,OnePlus TV 42 inch,Electronics,OnePlus,68,85643.0
179,Apple TV 42 inch,Electronics,Apple,42,20781.0
180,Mi TV 42 inch,Electronics,Mi,50,86319.0
181,Dell TV 42 inch,Electronics,Dell,24,99029.0
182,HP TV 42 inch,Electronics,HP,52,39535.0
183,Lenovo TV 42 inch,Electronics,Lenovo,5,2568.0
184,Asus TV 42 inch,Electronics,Asus,13,8052.0
185,Samsung Refrigerator,Electronics,Samsung,81,32300.0
186,Sony Refrigerator,Electronics,Sony,84,68841.0
187,LG Refrigerator,Electronics,LG,67,95429.0
188,Philips Refrigerator,Electronics,Philips,17,47885.0
189,Boat Refrigerator,Electronics,Boat,17,79432.0
190,OnePlus Refrigerator,Electronics,OnePlus,9,12635.0
191,Apple Refrigerator,Electronics,Apple,51,43854.0
192,Mi Refrigerator,Electronics,Mi,7,26721.0
193,Dell Refrigerator,Electronics,Dell,9,53661.0
194,HP Refrigerator,Electronics,HP,4,96138.0
195,Lenovo Refrigerator,Electronics,Lenovo,78,53830.0
196,Asus Refrigerator,Electronics,Asus,81,75710.0
197,Samsung Microwave,Electronics,Samsung,13,60822.0
198,Sony Microwave,Electronics,Sony,40,99351.0
199,LG Microwave,Electronics,LG,35,90053.0
200,Philips Microwave,Electronics,Philips,38,16818.0
201,Boat Microwave,Electronics,Boat,61,94912.0
202,OnePlus Microwave,Electronics,OnePlus,2,56467.0
203,Apple Microwave,Electronics,Apple,24,24959.0
204,Mi Microwave,Electronics,Mi,7,91378.0
205,Dell Microwave,Electronics,Dell,80,84898.0
206,HP Microwave,Electronics,HP,16,86794.0
207,Lenovo Microwave,Electronics,Lenovo,72,96008.0
208,Asus Microwave,Electronics,Asus,26,74357.0
209,Samsung Air Conditioner,Electronics,Samsung,67,32048.0
210,Sony Air Conditioner,Electronics,Sony,41,12392.0
211,LG Air Conditioner,Electronics,LG,20,71946.0
212,Philips Air Conditioner,Electronics,Philips,65,68601.0
213,Boat Air Conditioner,Electronics,Boat,60,68505.0
214,OnePlus Air Conditioner,Electronics,OnePlus,61,86248.0
215,Apple Air Conditioner,Electronics,Apple,82,83924.0
216,Mi Air Conditioner,Electronics,Mi,39,66983.0
217,Dell Air Conditioner,Electronics,Dell,31,85840.0
218,HP Air Conditioner,Electronics,HP,83,94041.0
219,Lenovo Air Conditioner,Electronics,Lenovo,39,20869.0
220,Asus Air Conditioner,Electronics,Asus,2,54951.0
221,Levis T-Shirt,Fashion,Levis,59,28718.0
222,H&M T-Shirt,Fashion,H&M,16,26585.0
223,Bata T-Shirt,Fashion,Bata,60,72930.0
224,Adidas T-Shirt,Fashion,Adidas,64,10646.0
225,Puma T-Shirt,Fashion,Puma,62,23847.0
226,Nike T-Shirt,Fashion,Nike,77,57544.0
227,Raymond T-Shirt,Fashion,Raymond,82,26889.0
228,Allen Solly T-Shirt,Fashion,Allen Solly,57,53719.0
229,Van Heusen T-Shirt,Fashion,Van Heusen,49,99700.0
230,Zara T-Shirt,Fashion,Zara,88,56995.0
231,Uniqlo T-Shirt,Fashion,Uniqlo,20,10444.0
232,FabIndia T-Shirt,Fashion,FabIndia,36,53319.0
233,Levis Jeans,Fashion,Levis,75,12489.0
234,H&M Jeans,Fashion,H&M,62,17108.0
235,Bata Jeans,Fashion,Bata,7,58341.0
236,Adidas Jeans,Fashion,Adidas,53,42840.0
237,Puma Jeans,Fashion,Puma,20,29784.0
238,Nike Jeans,Fashion,Nike,47,34479.0
239,Raymond Jeans,Fashion,Raymond,59,30941.0
240,Allen Solly Jeans,Fashion,Allen Solly,19,67098.0
241,Van Heusen Jeans,Fashion,Van Heusen,66,24066.0
242,Zara Jeans,Fashion,Zara,39,66726.0
243,Uniqlo Jeans,Fashion,Uniqlo,81,30997.0
244,FabIndia Jeans,Fashion,FabIndia,85,52559.0
245,Levis Kurta,Fashion,Levis,31,47432.0
246,H&M Kurta,Fashion,H&M,4,67139.0
247,Bata Kurta,Fashion,Bata,78,55761.0
248,Adidas Kurta,Fashion,Adidas,8,2745.0
249,Puma Kurta,Fashion,Puma,42,17602.0
250,Nike Kurta,Fashion,Nike,8,16478.0
251,Raymond Kurta,Fashion,Raymond,47,7627.0
252,Allen Solly Kurta,Fashion,Allen Solly,71,94672.0
253,Van Heusen Kurta,Fashion,Van Heusen,61,23648.0
254,Zara Kurta,Fashion,Zara,20,66742.0
255,Uniqlo Kurta,Fashion,Uniqlo,8,24171.0
256,FabIndia Kurta,Fashion,FabIndia,3,74162.0
257,Levis Saree,Fashion,Levis,38,15303.0
258,H&M Saree,Fashion,H&M,62,4152.0
259,Bata Saree,Fashion,Bata,77,95896.0
260,Adidas Saree,Fashion,Adidas,24,93918.0
261,Puma Saree,Fashion,Puma,61,9560.0
262,Nike Saree,Fashion,Nike,47,9056.0
263,Raymond Saree,Fashion,Raymond,77,90239.0
264,Allen Solly Saree,Fashion,Allen Solly,36,76193.0
265,Van Heusen Saree,Fashion,Van Heusen,28,69305.0
266,Zara Saree,Fashion,Zara,17,77792.0
267,Uniqlo Saree,Fashion,Uniqlo,26,35019.0
268,FabIndia Saree,Fashion,FabIndia,22,15993.0
269,Levis Shoes,Fashion,Levis,13,81676.0
270,H&M Shoes,Fashion,H&M,71,17852.0
271,Bata Shoes,Fashion,Bata,71,25774.0
272,Adidas Shoes,Fashion,Adidas,7,9869.0
273,Puma Shoes,Fashion,Puma,21,86574.0
274,Nike Shoes,Fashion,Nike,70,58695.0
275,Raymond Shoes,Fashion,Raymond,89,41066.0
276,Allen Solly Shoes,Fashion,Allen Solly,4,69142.0
277,Van Heusen Shoes,Fashion,Van Heusen,84,43180.0
278,Zara Shoes,Fashion,Zara,89,36822.0
279,Uniqlo Shoes,Fashion,Uniqlo,87,44382.0
280,FabIndia Shoes,Fashion,FabIndia,58,65203.0
281,Levis Jacket,Fashion,Levis,52,83103.0
282,H&M Jacket,Fashion,H&M,34,93248.0
283,Bata Jacket,Fashion,Bata,47,20331.0
284,Adidas Jacket,Fashion,Adidas,50,78469.0
285,Puma Jacket,Fashion,Puma,66,57324.0
286,Nike Jacket,Fashion,Nike,23,12780.0
287,Raymond Jacket,Fashion,Raymond,4,13028.0
288,Allen Solly Jacket,Fashion,Allen Solly,71,37347.0
289,Van Heusen Jacket,Fashion,Van Heusen,66,38781.0
290,Zara Jacket,Fashion,Zara,50,5106.0
291,Uniqlo Jacket,Fashion,Uniqlo,38,60947.0
292,FabIndia Jacket,Fashion,FabIndia,85,98046.0
293,Levis Formal Shirt,Fashion,Levis,81,10063.0
294,H&M Formal Shirt,Fashion,H&M,56,59681.0
295,Bata Formal Shirt,Fashion,Bata,37,60333.0
296,Adidas Formal Shirt,Fashion,Adidas,83,97631.0
297,Puma Formal Shirt,Fashion,Puma,59,13763.0
298,Nike Formal Shirt,Fashion,Nike,2,96374.0
299,Raymond Formal Shirt,Fashion,Raymond,74,3330.0
300,Allen Solly Formal Shirt,Fashion,Allen Solly,88,84982.0
301,Van Heusen Formal Shirt,Fashion,Van Heusen,21,37372.0
302,Zara Formal Shirt,Fashion,Zara,84,22645.0
303,Uniqlo Formal Shirt,Fashion,Uniqlo,78,13430.0
304,FabIndia Formal Shirt,Fashion,FabIndia,59,90602.0
305,Levis Blazer,Fashion,Levis,91,4620.0
306,H&M Blazer,Fashion,H&M,80,50491.0
307,Bata Blazer,Fashion,Bata,13,5164.0
308,Adidas Blazer,Fashion,Adidas,14,39893.0
309,Puma Blazer,Fashion,Puma,12,25341.0
310,Nike Blazer,Fashion,Nike,62,502.0
311,Raymond Blazer,Fashion,Raymond,87,61864.0
312,Allen Solly Blazer,Fashion,Allen Solly,4,30730.0
313,Van Heusen Blazer,Fashion,Van Heusen,71,44894.0
314,Zara Blazer,Fashion,Zara,75,32149.0
315,Uniqlo Blazer,Fashion,Uniqlo,42,14411.0
316,FabIndia Blazer,Fashion,FabIndia,33,10534.0
317,Levis Cap,Fashion,Levis,62,20081.0
318,H&M Cap,Fashion,H&M,46,84352.0
319,Bata Cap,Fashion,Bata,9,94580.0
320,Adidas Cap,Fashion,Adidas,8,92588.0
321,Puma Cap,Fashion,Puma,38,63873.0
322,Nike Cap,Fashion,Nike,51,14384.0
323,Raymond Cap,Fashion,Raymond,47,50822.0
324,Allen Solly Cap,Fashion,Allen Solly,54,20832.0
325,Van Heusen Cap,Fashion,Van Heusen,35,10855.0
326,Zara Cap,Fashion,Zara,20,87554.0
327,Uniqlo Cap,Fashion,Uniqlo,1,88203.0
328,FabIndia Cap,Fashion,FabIndia,51,47628.0
329,Levis Watch,Fashion,Levis,58,4783.0
330,H&M Watch,Fashion,H&M,60,34784.0
331,Bata Watch,Fashion,Bata,30,18953.0
332,Adidas Watch,Fashion,Adidas,3,52995.0
333,Puma Watch,Fashion,Puma,49,89266.0
334,Nike Watch,Fashion,Nike,70,99220.0
335,Raymond Watch,Fashion,Raymond,62,33486.0
336,Allen Solly Watch,Fashion,Allen Solly,65,81146.0
337,Van Heusen Watch,Fashion,Van Heusen,69,38869.0
338,Zara Watch,Fashion,Zara,86,62270.0
339,Uniqlo Watch,Fashion,Uniqlo,11,76807.0
340,FabIndia Watch,Fashion,FabIndia,9,53259.0
341,Dove Shampoo 1 L,Personal Care,Dove,23,48348.0
342,Ponds Shampoo 1 L,Personal Care,Ponds,18,14773.0
343,Nivea Shampoo 1 L,Personal Care,Nivea,65,38595.0
344,Himalaya Shampoo 1 L,Personal Care,Himalaya,19,76499.0
345,Mamaearth Shampoo 1 L,Personal Care,Mamaearth,24,97410.0
346,Wow Shampoo 1 L,Personal Care,Wow,71,82179.0
347,Colgate Shampoo 1 L,Personal Care,Colgate,30,99896.0
348,Sensodyne Shampoo 1 L,Personal Care,Sensodyne,30,5250.0
349,Garnier Shampoo 1 L,Personal Care,Garnier,41,90550.0
350,L'Oreal Shampoo 1 L,Personal Care,L'Oreal,62,2839.0
351,Dove Conditioner 500 ml,Personal Care,Dove,83,22099.0
352,Ponds Conditioner 500 ml,Personal Care,Ponds,66,55600.0
353,Nivea Conditioner 500 ml,Personal Care,Nivea,13,54567.0
354,Himalaya Conditioner 500 ml,Personal Care,Himalaya,42,46414.0
355,Mamaearth Conditioner 500 ml,Personal Care,Mamaearth,40,43323.0
356,Wow Conditioner 500 ml,Personal Care,Wow,7,95887.0
357,Colgate Conditioner 500 ml,Personal Care,Colgate,91,83080.0
358,Sensodyne Conditioner 500 ml,Personal Care,Sensodyne,39,70176.0
359,Garnier Conditioner 500 ml,Personal Care,Garnier,37,53456.0
360,L'Oreal Conditioner 500 ml,Personal Care,L'Oreal,17,53303.0
361,Dove Face Wash 200 ml,Personal Care,Dove,35,66236.0
362,Ponds Face Wash 200 ml,Personal Care,Ponds,77,36375.0
363,Nivea Face Wash 200 ml,Personal Care,Nivea,7,15510.0
364,Himalaya Face Wash 200 ml,Personal Care,Himalaya,5,24278.0
365,Mamaearth Face Wash 200 ml,Personal Care,Mamaearth,27,5865.0
366,Wow Face Wash 200 ml,Personal Care,Wow,89,55528.0
367,Colgate Face Wash 200 ml,Personal Care,Colgate,26,73061.0
368,Sensodyne Face Wash 200 ml,Personal Care,Sensodyne,25,15581.0
369,Garnier Face Wash 200 ml,Personal Care,Garnier,7,12534.0
370,L'Oreal Face Wash 200 ml,Personal Care,L'Oreal,46,87288.0
371,Dove Moisturizer 100 ml,Personal Care,Dove,36,64958.0
372,Ponds Moisturizer 100 ml,Personal Care,Ponds,13,24132.0
373,Nivea Moisturizer 100 ml,Personal Care,Nivea,6,20421.0
374,Himalaya Moisturizer 100 ml,Personal Care,Himalaya,82,10589.0
375,Mamaearth Moisturizer 100 ml,Personal Care,Mamaearth,24,75453.0
376,Wow Moisturizer 100 ml,Personal Care,Wow,74,91300.0
377,Colgate Moisturizer 100 ml,Personal Care,Colgate,31,57523.0
378,Sensodyne Moisturizer 100 ml,Personal Care,Sensodyne,37,87626.0
379,Garnier Moisturizer 100 ml,Personal Care,Garnier,83,76896.0
380,L'Oreal Moisturizer 100 ml,Personal Care,L'Oreal,60,59000.0
381,Dove Toothpaste 200 g,Personal Care,Dove,1,94214.0
382,Ponds Toothpaste 200 g,Personal Care,Ponds,4,80430.0
383,Nivea Toothpaste 200 g,Personal Care,Nivea,10,19476.0
384,Himalaya Toothpaste 200 g,Personal Care,Himalaya,91,10970.0
385,Mamaearth Toothpaste 200 g,Personal Care,Mamaearth,59,41724.0
386,Wow Toothpaste 200 g,Personal Care,Wow,67,56764.0
387,Colgate Toothpaste 200 g,Personal Care,Colgate,6,96177.0
388,Sensodyne Toothpaste 200 g,Personal Care,Sensodyne,47,15217.0
389,Garnier Toothpaste 200 g,Personal Care,Garnier,49,87688.0
390,L'Oreal Toothpaste 200 g,Personal Care,L'Oreal,86,15442.0
391,Dove Soap Bar,Personal Care,Dove,49,72625.0
392,Ponds Soap Bar,Personal Care,Ponds,62,97694.0
393,Nivea Soap Bar,Personal Care,Nivea,7,4297.0
394,Himalaya Soap Bar,Personal Care,Himalaya,54,60943.0
395,Mamaearth Soap Bar,Personal Care,Mamaearth,79,69462.0
396,Wow Soap Bar,Personal Care,Wow,11,83321.0
397,Colgate Soap Bar,Personal Care,Colgate,35,68742.0
398,Sensodyne Soap Bar,Personal Care,Sensodyne,85,68503.0
399,Garnier Soap Bar,Personal Care,Garnier,79,48267.0
400,L'Oreal Soap Bar,Personal Care,L'Oreal,13,88359.0
401,Dove Body Lotion 400 ml,Personal Care,Dove,23,26424.0
402,Ponds Body Lotion 400 ml,Personal Care,Ponds,21,86103.0
403,Nivea Body Lotion 400 ml,Personal Care,Nivea,36,82707.0
404,Himalaya Body Lotion 400 ml,Personal Care,Himalaya,19,65967.0
405,Mamaearth Body Lotion 400 ml,Personal Care,Mamaearth,65,54245.0
406,Wow Body Lotion 400 ml,Personal Care,Wow,53,49929.0
407,Colgate Body Lotion 400 ml,Personal Care,Colgate,52,3268.0
408,Sensodyne Body Lotion 400 ml,Personal Care,Sensodyne,42,61228.0
409,Garnier Body Lotion 400 ml,Personal Care,Garnier,45,13718.0
410,L'Oreal Body Lotion 400 ml,Personal Care,L'Oreal,62,68337.0
411,Dove Deodorant 150 ml,Personal Care,Dove,27,67363.0
412,Ponds Deodorant 150 ml,Personal Care,Ponds,77,93458.0
413,Nivea Deodorant 150 ml,Personal Care,Nivea,29,36816.0
414,Himalaya Deodorant 150 ml,Personal Care,Himalaya,15,91154.0
415,Mamaearth Deodorant 150 ml,Personal Care,Mamaearth,49,56133.0
416,Wow Deodorant 150 ml,Personal Care,Wow,2,64872.0
417,Colgate Deodorant 150 ml,Personal Care,Colgate,70,78429.0
418,Sensodyne Deodorant 150 ml,Personal Care,Sensodyne,12,62919.0
419,Garnier Deodorant 150 ml,Personal Care,Garnier,8,27097.0
420,L'Oreal Deodorant 150 ml,Personal Care,L'Oreal,43,53467.0
421,Dove Hair Oil 200 ml,Personal Care,Dove,44,57104.0
422,Ponds Hair Oil 200 ml,Personal Care,Ponds,86,15591.0
423,Nivea Hair Oil 200 ml,Personal Care,Nivea,25,50033.0
424,Himalaya Hair Oil 200 ml,Personal Care,Himalaya,49,64971.0
425,Mamaearth Hair Oil 200 ml,Personal Care,Mamaearth,40,58738.0
426,Wow Hair Oil 200 ml,Personal Care,Wow,76,49537.0
427,Colgate Hair Oil 200 ml,Personal Care,Colgate,73,61545.0
428,Sensodyne Hair Oil 200 ml,Personal Care,Sensodyne,24,82227.0
429,Garnier Hair Oil 200 ml,Personal Care,Garnier,4,24527.0
430,L'Oreal Hair Oil 200 ml,Personal Care,L'Oreal,90,74098.0
431,Whirlpool Iron Box,Home Appliances,Whirlpool,31,69891.0
432,Godrej Iron Box,Home Appliances,Godrej,87,37016.0
433,Crompton Iron Box,Home Appliances,Crompton,29,58464.0
434,Havells Iron Box,Home Appliances,Havells,21,98453.0
435,Bajaj Iron Box,Home Appliances,Bajaj,20,37741.0
436,Philips Iron Box,Home Appliances,Philips,55,83518.0
437,Voltas Iron Box,Home Appliances,Voltas,45,35404.0
438,Blue Star Iron Box,Home Appliances,Blue Star,66,93210.0
439,Kenstar Iron Box,Home Appliances,Kenstar,9,54846.0
440,IFB Iron Box,Home Appliances,IFB,71,20046.0
441,Whirlpool Mixer Grinder,Home Appliances,Whirlpool,85,28345.0
442,Godrej Mixer Grinder,Home Appliances,Godrej,3,5294.0
443,Crompton Mixer Grinder,Home Appliances,Crompton,72,93916.0
444,Havells Mixer Grinder,Home Appliances,Havells,70,69717.0
445,Bajaj Mixer Grinder,Home Appliances,Bajaj,54,37166.0
446,Philips Mixer Grinder,Home Appliances,Philips,67,39226.0
447,Voltas Mixer Grinder,Home Appliances,Voltas,3,15448.0
448,Blue Star Mixer Grinder,Home Appliances,Blue Star,32,47525.0
449,Kenstar Mixer Grinder,Home Appliances,Kenstar,35,80622.0
450,IFB Mixer Grinder,Home Appliances,IFB,77,38375.0
451,Whirlpool Ceiling Fan,Home Appliances,Whirlpool,6,75800.0
452,Godrej Ceiling Fan,Home Appliances,Godrej,18,21370.0
453,Crompton Ceiling Fan,Home Appliances,Crompton,23,23050.0
454,Havells Ceiling Fan,Home Appliances,Havells,29,6019.0
455,Bajaj Ceiling Fan,Home Appliances,Bajaj,2,55984.0
456,Philips Ceiling Fan,Home Appliances,Philips,59,47672.0
457,Voltas Ceiling Fan,Home Appliances,Voltas,14,11327.0
458,Blue Star Ceiling Fan,Home Appliances,Blue Star,73,79173.0
459,Kenstar Ceiling Fan,Home Appliances,Kenstar,73,56140.0
460,IFB Ceiling Fan,Home Appliances,IFB,69,17419.0
461,Whirlpool Air Cooler,Home Appliances,Whirlpool,74,90651.0
462,Godrej Air Cooler,Home Appliances,Godrej,56,86797.0
463,Crompton Air Cooler,Home Appliances,Crompton,52,45517.0
464,Havells Air Cooler,Home Appliances,Havells,13,67282.0
465,Bajaj Air Cooler,Home Appliances,Bajaj,27,75993.0
466,Philips Air Cooler,Home Appliances,Philips,41,81189.0
467,Voltas Air Cooler,Home Appliances,Voltas,87,95770.0
468,Blue Star Air Cooler,Home Appliances,Blue Star,36,98339.0
469,Kenstar Air Cooler,Home Appliances,Kenstar,83,80646.0
470,IFB Air Cooler,Home Appliances,IFB,66,55967.0
471,Whirlpool Washing Machine,Home Appliances,Whirlpool,83,6421.0
472,Godrej Washing Machine,Home Appliances,Godrej,76,52992.0
473,Crompton Washing Machine,Home Appliances,Crompton,51,46163.0
474,Havells Washing Machine,Home Appliances,Havells,42,69278.0
475,Bajaj Washing Machine,Home Appliances,Bajaj,40,26186.0
476,Philips Washing Machine,Home Appliances,Philips,52,78097.0
477,Voltas Washing Machine,Home Appliances,Voltas,19,84710.0
478,Blue Star Washing Machine,Home Appliances,Blue Star,89,51444.0
479,Kenstar Washing Machine,Home Appliances,Kenstar,86,78208.0
480,IFB Washing Machine,Home Appliances,IFB,91,91988.0
481,Whirlpool Vacuum Cleaner,Home Appliances,Whirlpool,72,66039.0
482,Godrej Vacuum Cleaner,Home Appliances,Godrej,2,86945.0
483,Crompton Vacuum Cleaner,Home Appliances,Crompton,71,94929.0
484,Havells Vacuum Cleaner,Home Appliances,Havells,87,27017.0
485,Bajaj Vacuum Cleaner,Home Appliances,Bajaj,19,59568.0
486,Philips Vacuum Cleaner,Home Appliances,Philips,44,86056.0
487,Voltas Vacuum Cleaner,Home Appliances,Voltas,78,17494.0
488,Blue Star Vacuum Cleaner,Home Appliances,Blue Star,9,74781.0
489,Kenstar Vacuum Cleaner,Home Appliances,Kenstar,90,26347.0
490,IFB Vacuum Cleaner,Home Appliances,IFB,49,75652.0
491,Whirlpool Water Purifier,Home Appliances,Whirlpool,17,49570.0
492,Godrej Water Purifier,Home Appliances,Godrej,69,85883.0
493,Crompton Water Purifier,Home Appliances,Crompton,30,54682.0
494,Havells Water Purifier,Home Appliances,Havells,27,13564.0
495,Bajaj Water Purifier,Home Appliances,Bajaj,54,20612.0
496,Philips Water Purifier,Home Appliances,Philips,5,4946.0
497,Voltas Water Purifier,Home Appliances,Voltas,31,32406.0
498,Blue Star Water Purifier,Home Appliances,Blue Star,44,89090.0
499,Kenstar Water Purifier,Home Appliances,Kenstar,7,84429.0
500,IFB Water Purifier,Home Appliances,IFB,74,17153.0
501,Whirlpool Heater,Home Appliances,Whirlpool,69,56795.0
502,Godrej Heater,Home Appliances,Godrej,75,46704.0
503,Crompton Heater,Home Appliances,Crompton,42,81887.0
504,Havells Heater,Home Appliances,Havells,41,86371.0
505,Bajaj Heater,Home Appliances,Bajaj,72,84239.0
506,Philips Heater,Home Appliances,Philips,73,91127.0
507,Voltas Heater,Home Appliances,Voltas,79,61123.0
508,Blue Star Heater,Home Appliances,Blue Star,9,66904.0
509,Kenstar Heater,Home Appliances,Kenstar,3,93137.0
510,IFB Heater,Home Appliances,IFB,74,17347.0
511,Whirlpool Induction Cooktop,Home Appliances,Whirlpool,62,84562.0
512,Godrej Induction Cooktop,Home Appliances,Godrej,6,40815.0
513,Crompton Induction Cooktop,Home Appliances,Crompton,2,37012.0
514,Havells Induction Cooktop,Home Appliances,Havells,3,37860.0
515,Bajaj Induction Cooktop,Home Appliances,Bajaj,87,22198.0
516,Philips Induction Cooktop,Home Appliances,Philips,27,25829.0
517,Voltas Induction Cooktop,Home Appliances,Voltas,36,27380.0
518,Blue Star Induction Cooktop,Home Appliances,Blue Star,9,12723.0
519,Kenstar Induction Cooktop,Home Appliances,Kenstar,31,75887.0
520,IFB Induction Cooktop,Home Appliances,IFB,78,31580.0
521,Ikea Dining Table,Furniture,Ikea,44,74002.0
522,Godrej Interio Dining Table,Furniture,Godrej Interio,74,47482.0
523,Urban Ladder Dining Table,Furniture,Urban Ladder,21,61744.0
524,Pepperfry Dining Table,Furniture,Pepperfry,20,58859.0
525,Nilkamal Dining Table,Furniture,Nilkamal,84,62428.0
526,Durian Dining Table,Furniture,Durian,83,84207.0
527,Hometown Dining Table,Furniture,Hometown,24,96190.0
528,Ikea Sofa Set,Furniture,Ikea,62,90545.0
529,Godrej Interio Sofa Set,Furniture,Godrej Interio,80,36780.0
530,Urban Ladder Sofa Set,Furniture,Urban Ladder,10,39293.0
531,Pepperfry Sofa Set,Furniture,Pepperfry,33,4856.0
532,Nilkamal Sofa Set,Furniture,Nilkamal,11,91488.0
533,Durian Sofa Set,Furniture,Durian,44,37910.0
534,Hometown Sofa Set,Furniture,Hometown,69,80718.0
535,Ikea Wardrobe,Furniture,Ikea,68,23970.0
536,Godrej Interio Wardrobe,Furniture,Godrej Interio,88,26833.0
537,Urban Ladder Wardrobe,Furniture,Urban Ladder,73,57468.0
538,Pepperfry Wardrobe,Furniture,Pepperfry,8,90507.0
539,Nilkamal Wardrobe,Furniture,Nilkamal,13,78993.0
540,Durian Wardrobe,Furniture,Durian,66,17070.0
541,Hometown Wardrobe,Furniture,Hometown,74,39030.0
542,Ikea Bed Frame,Furniture,Ikea,54,55496.0
543,Godrej Interio Bed Frame,Furniture,Godrej Interio,61,30343.0
544,Urban Ladder Bed Frame,Furniture,Urban Ladder,84,42088.0
545,Pepperfry Bed Frame,Furniture,Pepperfry,31,93451.0
546,Nilkamal Bed Frame,Furniture,Nilkamal,53,22114.0
547,Durian Bed Frame,Furniture,Durian,63,17365.0
548,Hometown Bed Frame,Furniture,Hometown,51,19339.0
549,Ikea Mattress,Furniture,Ikea,4,20920.0
550,Godrej Interio Mattress,Furniture,Godrej Interio,36,42348.0
551,Urban Ladder Mattress,Furniture,Urban Ladder,26,83560.0
552,Pepperfry Mattress,Furniture,Pepperfry,36,84770.0
553,Nilkamal Mattress,Furniture,Nilkamal,25,56212.0
554,Durian Mattress,Furniture,Durian,11,82421.0
555,Hometown Mattress,Furniture,Hometown,21,10812.0
556,Ikea Study Table,Furniture,Ikea,80,11121.0
557,Godrej Interio Study Table,Furniture,Godrej Interio,91,26650.0
558,Urban Ladder Study Table,Furniture,Urban Ladder,59,76958.0
559,Pepperfry Study Table,Furniture,Pepperfry,11,55813.0
560,Nilkamal Study Table,Furniture,Nilkamal,18,94433.0
561,Durian Study Table,Furniture,Durian,76,25442.0
562,Hometown Study Table,Furniture,Hometown,42,22293.0
563,Ikea Chair,Furniture,Ikea,63,11729.0
564,Godrej Interio Chair,Furniture,Godrej Interio,91,5703.0
565,Urban Ladder Chair,Furniture,Urban Ladder,16,26093.0
566,Pepperfry Chair,Furniture,Pepperfry,50,58555.0
567,Nilkamal Chair,Furniture,Nilkamal,2,95142.0
568,Durian Chair,Furniture,Durian,14,59218.0
569,Hometown Chair,Furniture,Hometown,72,20720.0
570,Ikea Bookshelf,Furniture,Ikea,90,22057.0
571,Godrej Interio Bookshelf,Furniture,Godrej Interio,75,6469.0
572,Urban Ladder Bookshelf,Furniture,Urban Ladder,31,32817.0
573,Pepperfry Bookshelf,Furniture,Pepperfry,50,49777.0
574,Nilkamal Bookshelf,Furniture,Nilkamal,82,18456.0
575,Durian Bookshelf,Furniture,Durian,45,79034.0
576,Hometown Bookshelf,Furniture,Hometown,69,94037.0
577,Ikea TV Unit,Furniture,Ikea,83,75888.0
578,Godrej Interio TV Unit,Furniture,Godrej Interio,24,99105.0
579,Urban Ladder TV Unit,Furniture,Urban Ladder,62,68204.0
580,Pepperfry TV Unit,Furniture,Pepperfry,17,54866.0
581,Nilkamal TV Unit,Furniture,Nilkamal,91,61040.0
582,Durian TV Unit,Furniture,Durian,2,69444.0
583,Hometown TV Unit,Furniture,Hometown,43,24749.0
584,Decathlon Cricket Bat,Sports,Decathlon,18,1799.0
585,SG Cricket Bat,Sports,SG,28,82317.0
586,Yonex Cricket Bat,Sports,Yonex,86,76605.0
587,Nivia Cricket Bat,Sports,Nivia,53,50616.0
588,Cosco Cricket Bat,Sports,Cosco,7,14253.0
589,Adidas Cricket Bat,Sports,Adidas,19,16830.0
590,Puma Cricket Bat,Sports,Puma,85,55834.0
591,Nike Cricket Bat,Sports,Nike,67,82637.0
592,Li-Ning Cricket Bat,Sports,Li-Ning,83,16286.0
593,Reebok Cricket Bat,Sports,Reebok,35,51326.0
594,Decathlon Football,Sports,Decathlon,56,97791.0
595,SG Football,Sports,SG,13,47452.0
596,Yonex Football,Sports,Yonex,85,65530.0
597,Nivia Football,Sports,Nivia,41,61600.0
598,Cosco Football,Sports,Cosco,48,94619.0
599,Adidas Football,Sports,Adidas,18,95046.0
600,Puma Football,Sports,Puma,71,6402.0
601,Nike Football,Sports,Nike,4,99393.0
602,Li-Ning Football,Sports,Li-Ning,61,63290.0
603,Reebok Football,Sports,Reebok,63,88099.0
604,Decathlon Badminton Racket,Sports,Decathlon,38,51221.0
605,SG Badminton Racket,Sports,SG,43,27231.0
606,Yonex Badminton Racket,Sports,Yonex,2,24027.0
607,Nivia Badminton Racket,Sports,Nivia,30,50634.0
608,Cosco Badminton Racket,Sports,Cosco,80,96177.0
609,Adidas Badminton Racket,Sports,Adidas,41,56719.0
610,Puma Badminton Racket,Sports,Puma,69,32323.0
611,Nike Badminton Racket,Sports,Nike,48,83449.0
612,Li-Ning Badminton Racket,Sports,Li-Ning,72,46415.0
613,Reebok Badminton Racket,Sports,Reebok,37,93439.0
614,Decathlon Tennis Racket,Sports,Decathlon,84,34641.0
615,SG Tennis Racket,Sports,SG,24,4821.0
616,Yonex Tennis Racket,Sports,Yonex,30,93671.0
617,Nivia Tennis Racket,Sports,Nivia,1,78266.0
618,Cosco Tennis Racket,Sports,Cosco,40,85168.0
619,Adidas Tennis Racket,Sports,Adidas,16,72246.0
620,Puma Tennis Racket,Sports,Puma,10,1703.0
621,Nike Tennis Racket,Sports,Nike,5,84382.0
622,Li-Ning Tennis Racket,Sports,Li-Ning,3,71452.0
623,Reebok Tennis Racket,Sports,Reebok,30,95990.0
624,Decathlon Gym Dumbbell,Sports,Decathlon,10,50008.0
625,SG Gym Dumbbell,Sports,SG,36,31761.0
626,Yonex Gym Dumbbell,Sports,Yonex,64,90771.0
627,Nivia Gym Dumbbell,Sports,Nivia,51,42801.0
628,Cosco Gym Dumbbell,Sports,Cosco,9,13792.0
629,Adidas Gym Dumbbell,Sports,Adidas,46,339.0
630,Puma Gym Dumbbell,Sports,Puma,72,44993.0
631,Nike Gym Dumbbell,Sports,Nike,76,30549.0
632,Li-Ning Gym Dumbbell,Sports,Li-Ning,20,13445.0
633,Reebok Gym Dumbbell,Sports,Reebok,46,26106.0
634,Decathlon Yoga Mat,Sports,Decathlon,11,49038.0
635,SG Yoga Mat,Sports,SG,86,64808.0
636,Yonex Yoga Mat,Sports,Yonex,11,58809.0
637,Nivia Yoga Mat,Sports,Nivia,67,64957.0
638,Cosco Yoga Mat,Sports,Cosco,49,52467.0
639,Adidas Yoga Mat,Sports,Adidas,7,2315.0
640,Puma Yoga Mat,Sports,Puma,17,19346.0
641,Nike Yoga Mat,Sports,Nike,13,97163.0
642,Li-Ning Yoga Mat,Sports,Li-Ning,63,70713.0
643,Reebok Yoga Mat,Sports,Reebok,23,38207.0
644,Decathlon Skipping Rope,Sports,Decathlon,68,83406.0
645,SG Skipping Rope,Sports,SG,57,5449.0
646,Yonex Skipping Rope,Sports,Yonex,23,33965.0
647,Nivia Skipping Rope,Sports,Nivia,54,93843.0
648,Cosco Skipping Rope,Sports,Cosco,5,77200.0
649,Adidas Skipping Rope,Sports,Adidas,6,26782.0
650,Puma Skipping Rope,Sports,Puma,51,42788.0
651,Nike Skipping Rope,Sports,Nike,87,7903.0
652,Li-Ning Skipping Rope,Sports,Li-Ning,83,11606.0
653,Reebok Skipping Rope,Sports,Reebok,89,82423.0
654,Decathlon Track Suit,Sports,Decathlon,26,74567.0
655,SG Track Suit,Sports,SG,17,20376.0
656,Yonex Track Suit,Sports,Yonex,57,67116.0
657,Nivia Track Suit,Sports,Nivia,71,24721.0
658,Cosco Track Suit,Sports,Cosco,12,29861.0
659,Adidas Track Suit,Sports,Adidas,1,89351.0
660,Puma Track Suit,Sports,Puma,41,65741.0
661,Nike Track Suit,Sports,Nike,20,6738.0
662,Li-Ning Track Suit,Sports,Li-Ning,66,11189.0
663,Reebok Track Suit,Sports,Reebok,65,12290.0
664,Decathlon Cycle,Sports,Decathlon,89,14776.0
665,SG Cycle,Sports,SG,67,80328.0
666,Yonex Cycle,Sports,Yonex,47,12621.0
667,Nivia Cycle,Sports,Nivia,88,63254.0
668,Cosco Cycle,Sports,Cosco,10,1004.0
669,Adidas Cycle,Sports,Adidas,22,24241.0
670,Puma Cycle,Sports,Puma,34,10097.0
671,Nike Cycle,Sports,Nike,73,3991.0
672,Li-Ning Cycle,Sports,Li-Ning,76,14557.0
673,Reebok Cycle,Sports,Reebok,62,10812.0
674,Lego Building Blocks,Toys,Lego,51,38578.0
675,Funskool Building Blocks,Toys,Funskool,59,33861.0
676,Hot Wheels Building Blocks,Toys,Hot Wheels,5,22864.0
677,Barbie Building Blocks,Toys,Barbie,14,67750.0
678,Mattel Building Blocks,Toys,Mattel,69,68606.0
679,Fisher Price Building Blocks,Toys,Fisher Price,1,43578.0
680,Play-Doh Building Blocks,Toys,Play-Doh,26,14145.0
681,Lego Remote Car,Toys,Lego,57,10805.0
682,Funskool Remote Car,Toys,Funskool,17,75866.0
683,Hot Wheels Remote Car,Toys,Hot Wheels,75,15520.0
684,Barbie Remote Car,Toys,Barbie,23,88546.0
685,Mattel Remote Car,Toys,Mattel,13,87970.0
686,Fisher Price Remote Car,Toys,Fisher Price,18,64701.0
687,Play-Doh Remote Car,Toys,Play-Doh,19,95313.0
688,Lego Doll Set,Toys,Lego,64,36460.0
689,Funskool Doll Set,Toys,Funskool,59,68621.0
690,Hot Wheels Doll Set,Toys,Hot Wheels,41,61759.0
691,Barbie Doll Set,Toys,Barbie,49,10687.0
692,Mattel Doll Set,Toys,Mattel,46,71299.0
693,Fisher Price Doll Set,Toys,Fisher Price,68,8507.0
694,Play-Doh Doll Set,Toys,Play-Doh,42,9721.0
695,Lego Puzzle Board,Toys,Lego,91,97317.0
696,Funskool Puzzle Board,Toys,Funskool,9,87910.0
697,Hot Wheels Puzzle Board,Toys,Hot Wheels,21,17199.0
698,Barbie Puzzle Board,Toys,Barbie,82,17011.0
699,Mattel Puzzle Board,Toys,Mattel,39,86128.0
700,Fisher Price Puzzle Board,Toys,Fisher Price,46,41025.0
701,Play-Doh Puzzle Board,Toys,Play-Doh,75,67743.0
702,Lego Action Figure,Toys,Lego,46,63400.0
703,Funskool Action Figure,Toys,Funskool,31,69350.0
704,Hot Wheels Action Figure,Toys,Hot Wheels,81,3385.0
705,Barbie Action Figure,Toys,Barbie,62,18872.0
706,Mattel Action Figure,Toys,Mattel,28,74964.0
707,Fisher Price Action Figure,Toys,Fisher Price,52,96558.0
708,Play-Doh Action Figure,Toys,Play-Doh,24,94433.0
709,Lego Toy Train,Toys,Lego,69,2056.0
710,Funskool Toy Train,Toys,Funskool,33,74085.0
711,Hot Wheels Toy Train,Toys,Hot Wheels,72,47598.0
712,Barbie Toy Train,Toys,Barbie,35,15557.0
713,Mattel Toy Train,Toys,Mattel,21,82394.0
714,Fisher Price Toy Train,Toys,Fisher Price,54,84914.0
715,Play-Doh Toy Train,Toys,Play-Doh,63,43830.0
716,Lego Soft Toy,Toys,Lego,73,21320.0
717,Funskool Soft Toy,Toys,Funskool,24,41393.0
718,Hot Wheels Soft Toy,Toys,Hot Wheels,88,88532.0
719,Barbie Soft Toy,Toys,Barbie,71,97851.0
720,Mattel Soft Toy,Toys,Mattel,87,95522.0
721,Fisher Price Soft Toy,Toys,Fisher Price,43,4823.0
722,Play-Doh Soft Toy,Toys,Play-Doh,84,17114.0
723,Classmate Notebook,Stationery,Classmate,15,43922.0
724,Camlin Notebook,Stationery,Camlin,50,69322.0
725,Faber-Castell Notebook,Stationery,Faber-Castell,78,64739.0
726,Luxor Notebook,Stationery,Luxor,85,8967.0
727,Pilot Notebook,Stationery,Pilot,40,31054.0
728,Reynolds Notebook,Stationery,Reynolds,24,94353.0
729,Navneet Notebook,Stationery,Navneet,66,5655.0
730,Cello Notebook,Stationery,Cello,72,1393.0
731,Classmate Pen Set,Stationery,Classmate,58,97060.0
732,Camlin Pen Set,Stationery,Camlin,53,41203.0
733,Faber-Castell Pen Set,Stationery,Faber-Castell,79,99108.0
734,Luxor Pen Set,Stationery,Luxor,57,69935.0
735,Pilot Pen Set,Stationery,Pilot,51,67441.0
736,Reynolds Pen Set,Stationery,Reynolds,19,16783.0
737,Navneet Pen Set,Stationery,Navneet,24,54920.0
738,Cello Pen Set,Stationery,Cello,34,64507.0
739,Classmate Pencil Box,Stationery,Classmate,91,17133.0
740,Camlin Pencil Box,Stationery,Camlin,3,11681.0
741,Faber-Castell Pencil Box,Stationery,Faber-Castell,88,85801.0
742,Luxor Pencil Box,Stationery,Luxor,49,31070.0
743,Pilot Pencil Box,Stationery,Pilot,17,62678.0
744,Reynolds Pencil Box,Stationery,Reynolds,40,41765.0
745,Navneet Pencil Box,Stationery,Navneet,74,32866.0
746,Cello Pencil Box,Stationery,Cello,28,19824.0
747,Classmate School Bag,Stationery,Classmate,13,93440.0
748,Camlin School Bag,Stationery,Camlin,31,57337.0
749,Faber-Castell School Bag,Stationery,Faber-Castell,51,51881.0
750,Luxor School Bag,Stationery,Luxor,15,54347.0
751,Pilot School Bag,Stationery,Pilot,19,55351.0
752,Reynolds School Bag,Stationery,Reynolds,69,7786.0
753,Navneet School Bag,Stationery,Navneet,29,47694.0
754,Cello School Bag,Stationery,Cello,41,81277.0
755,Classmate Diary,Stationery,Classmate,49,62668.0
756,Camlin Diary,Stationery,Camlin,83,160.0
757,Faber-Castell Diary,Stationery,Faber-Castell,35,11445.0
758,Luxor Diary,Stationery,Luxor,90,50352.0
759,Pilot Diary,Stationery,Pilot,39,81419.0
760,Reynolds Diary,Stationery,Reynolds,8,59259.0
761,Navneet Diary,Stationery,Navneet,90,44080.0
762,Cello Diary,Stationery,Cello,19,59155.0
763,Classmate Marker Pack,Stationery,Classmate,58,33916.0
764,Camlin Marker Pack,Stationery,Camlin,10,33680.0
765,Faber-Castell Marker Pack,Stationery,Faber-Castell,16,60576.0
766,Luxor Marker Pack,Stationery,Luxor,70,39502.0
767,Pilot Marker Pack,Stationery,Pilot,56,10093.0
768,Reynolds Marker Pack,Stationery,Reynolds,18,3151.0
769,Navneet Marker Pack,Stationery,Navneet,89,52156.0
770,Cello Marker Pack,Stationery,Cello,48,66011.0
771,Classmate Calculator,Stationery,Classmate,27,51617.0
772,Camlin Calculator,Stationery,Camlin,33,98473.0
773,Faber-Castell Calculator,Stationery,Faber-Castell,17,26095.0
774,Luxor Calculator,Stationery,Luxor,13,68316.0
775,Pilot Calculator,Stationery,Pilot,3,21423.0
776,Reynolds Calculator,Stationery,Reynolds,16,27146.0
777,Navneet Calculator,Stationery,Navneet,7,27641.0
778,Cello Calculator,Stationery,Cello,40,67555.0
779,Classmate Desk Lamp,Stationery,Classmate,71,95673.0
780,Camlin Desk Lamp,Stationery,Camlin,24,59510.0
781,Faber-Castell Desk Lamp,Stationery,Faber-Castell,5,95251.0
782,Luxor Desk Lamp,Stationery,Luxor,53,10129.0
783,Pilot Desk Lamp,Stationery,Pilot,5,29337.0
784,Reynolds Desk Lamp,Stationery,Reynolds,30,67640.0
785,Navneet Desk Lamp,Stationery,Navneet,30,5510.0
786,Cello Desk Lamp,Stationery,Cello,27,31219.0
787,Classmate Whiteboard,Stationery,Classmate,21,91566.0
788,Camlin Whiteboard,Stationery,Camlin,79,27457.0
789,Faber-Castell Whiteboard,Stationery,Faber-Castell,39,56258.0
790,Luxor Whiteboard,Stationery,Luxor,21,19754.0
791,Pilot Whiteboard,Stationery,Pilot,1,59973.0
792,Reynolds Whiteboard,Stationery,Reynolds,53,49078.0
793,Navneet Whiteboard,Stationery,Navneet,11,2747.0
794,Cello Whiteboard,Stationery,Cello,7,88495.0
795,Castrol Engine Oil 1 L,Automotive,Castrol,60,51819.0
796,Shell Engine Oil 1 L,Automotive,Shell,70,97578.0
797,Mobil Engine Oil 1 L,Automotive,Mobil,15,59458.0
798,Tata Motors Engine Oil 1 L,Automotive,Tata Motors,27,7710.0
799,Mahindra Engine Oil 1 L,Automotive,Mahindra,37,88910.0
800,Hero Engine Oil 1 L,Automotive,Hero,85,16341.0
801,TVS Engine Oil 1 L,Automotive,TVS,59,82234.0
802,Honda Engine Oil 1 L,Automotive,Honda,26,27035.0
803,Bosch Engine Oil 1 L,Automotive,Bosch,83,90875.0
804,Castrol Car Cover,Automotive,Castrol,33,92420.0
805,Shell Car Cover,Automotive,Shell,54,28276.0
806,Mobil Car Cover,Automotive,Mobil,82,63812.0
807,Tata Motors Car Cover,Automotive,Tata Motors,86,53835.0
808,Mahindra Car Cover,Automotive,Mahindra,20,58279.0
809,Hero Car Cover,Automotive,Hero,62,79814.0
810,TVS Car Cover,Automotive,TVS,9,19216.0
811,Honda Car Cover,Automotive,Honda,64,25296.0
812,Bosch Car Cover,Automotive,Bosch,51,32309.0
813,Castrol Seat Cushion,Automotive,Castrol,84,75814.0
814,Shell Seat Cushion,Automotive,Shell,40,98920.0
815,Mobil Seat Cushion,Automotive,Mobil,79,8552.0
816,Tata Motors Seat Cushion,Automotive,Tata Motors,64,82958.0
817,Mahindra Seat Cushion,Automotive,Mahindra,77,79910.0
818,Hero Seat Cushion,Automotive,Hero,31,53741.0
819,TVS Seat Cushion,Automotive,TVS,20,29932.0
820,Honda Seat Cushion,Automotive,Honda,8,35349.0
821,Bosch Seat Cushion,Automotive,Bosch,12,13292.0
822,Castrol Air Freshener,Automotive,Castrol,54,75209.0
823,Shell Air Freshener,Automotive,Shell,47,14058.0
824,Mobil Air Freshener,Automotive,Mobil,48,7108.0
825,Tata Motors Air Freshener,Automotive,Tata Motors,66,51342.0
826,Mahindra Air Freshener,Automotive,Mahindra,1,97000.0
827,Hero Air Freshener,Automotive,Hero,33,62785.0
828,TVS Air Freshener,Automotive,TVS,73,10786.0
829,Honda Air Freshener,Automotive,Honda,85,26578.0
830,Bosch Air Freshener,Automotive,Bosch,57,68460.0
831,Castrol Bike Helmet,Automotive,Castrol,25,18133.0
832,Shell Bike Helmet,Automotive,Shell,42,7812.0
833,Mobil Bike Helmet,Automotive,Mobil,64,1194.0
834,Tata Motors Bike Helmet,Automotive,Tata Motors,74,19406.0
835,Mahindra Bike Helmet,Automotive,Mahindra,13,10963.0
836,Hero Bike Helmet,Automotive,Hero,47,30853.0
837,TVS Bike Helmet,Automotive,TVS,63,18639.0
838,Honda Bike Helmet,Automotive,Honda,34,87671.0
839,Bosch Bike Helmet,Automotive,Bosch,76,3217.0
840,Castrol Tyre Inflator,Automotive,Castrol,23,55891.0
841,Shell Tyre Inflator,Automotive,Shell,55,95170.0
842,Mobil Tyre Inflator,Automotive,Mobil,1,11304.0
843,Tata Motors Tyre Inflator,Automotive,Tata Motors,56,79955.0
844,Mahindra Tyre Inflator,Automotive,Mahindra,70,31934.0
845,Hero Tyre Inflator,Automotive,Hero,70,46511.0
846,TVS Tyre Inflator,Automotive,TVS,5,69223.0
847,Honda Tyre Inflator,Automotive,Honda,16,27856.0
848,Bosch Tyre Inflator,Automotive,Bosch,16,88769.0
849,Castrol Tool Kit,Automotive,Castrol,1,34615.0
850,Shell Tool Kit,Automotive,Shell,49,88279.0
851,Mobil Tool Kit,Automotive,Mobil,70,59922.0
852,Tata Motors Tool Kit,Automotive,Tata Motors,82,16347.0
853,Mahindra Tool Kit,Automotive,Mahindra,54,51880.0
854,Hero Tool Kit,Automotive,Hero,37,91372.0
855,TVS Tool Kit,Automotive,TVS,5,91123.0
856,Honda Tool Kit,Automotive,Honda,72,72251.0
857,Bosch Tool Kit,Automotive,Bosch,71,83849.0
858,Tanishq Gold Chain,Jewellery,Tanishq,65,16668.0
859,CaratLane Gold Chain,Jewellery,CaratLane,90,56422.0
860,PC Jeweller Gold Chain,Jewellery,PC Jeweller,71,91249.0
861,Reliance Jewels Gold Chain,Jewellery,Reliance Jewels,85,44185.0
862,Malabar Gold Gold Chain,Jewellery,Malabar Gold,36,8263.0
863,Giva Gold Chain,Jewellery,Giva,81,47052.0
864,BlueStone Gold Chain,Jewellery,BlueStone,36,65708.0
865,Tanishq Silver Ring,Jewellery,Tanishq,82,3726.0
866,CaratLane Silver Ring,Jewellery,CaratLane,9,30824.0
867,PC Jeweller Silver Ring,Jewellery,PC Jeweller,73,16616.0
868,Reliance Jewels Silver Ring,Jewellery,Reliance Jewels,77,91231.0
869,Malabar Gold Silver Ring,Jewellery,Malabar Gold,64,59501.0
870,Giva Silver Ring,Jewellery,Giva,35,74314.0
871,BlueStone Silver Ring,Jewellery,BlueStone,15,89820.0
872,Tanishq Bracelet,Jewellery,Tanishq,28,13919.0
873,CaratLane Bracelet,Jewellery,CaratLane,58,44473.0
874,PC Jeweller Bracelet,Jewellery,PC Jeweller,77,76648.0
875,Reliance Jewels Bracelet,Jewellery,Reliance Jewels,54,31232.0
876,Malabar Gold Bracelet,Jewellery,Malabar Gold,26,18644.0
877,Giva Bracelet,Jewellery,Giva,6,61952.0
878,BlueStone Bracelet,Jewellery,BlueStone,49,69679.0
879,Tanishq Earrings,Jewellery,Tanishq,71,29632.0
880,CaratLane Earrings,Jewellery,CaratLane,53,46051.0
881,PC Jeweller Earrings,Jewellery,PC Jeweller,86,38701.0
882,Reliance Jewels Earrings,Jewellery,Reliance Jewels,3,62067.0
883,Malabar Gold Earrings,Jewellery,Malabar Gold,78,27171.0
884,Giva Earrings,Jewellery,Giva,21,11091.0
885,BlueStone Earrings,Jewellery,BlueStone,80,57259.0
886,Tanishq Necklace,Jewellery,Tanishq,8,48749.0
887,CaratLane Necklace,Jewellery,CaratLane,41,75455.0
888,PC Jeweller Necklace,Jewellery,PC Jeweller,2,56200.0
889,Reliance Jewels Necklace,Jewellery,Reliance Jewels,40,70988.0
890,Malabar Gold Necklace,Jewellery,Malabar Gold,4,54987.0
891,Giva Necklace,Jewellery,Giva,62,96577.0
892,BlueStone Necklace,Jewellery,BlueStone,20,56862.0
893,Tanishq Watch,Jewellery,Tanishq,88,98327.0
894,CaratLane Watch,Jewellery,CaratLane,5,82873.0
895,PC Jeweller Watch,Jewellery,PC Jeweller,17,56404.0
896,Reliance Jewels Watch,Jewellery,Reliance Jewels,55,82968.0
897,Malabar Gold Watch,Jewellery,Malabar Gold,13,13218.0
898,Giva Watch,Jewellery,Giva,4,18420.0
899,BlueStone Watch,Jewellery,BlueStone,8,3261.0
900,Tanishq Anklet,Jewellery,Tanishq,27,73818.0
901,CaratLane Anklet,Jewellery,CaratLane,65,95076.0
902,PC Jeweller Anklet,Jewellery,PC Jeweller,87,77622.0
903,Reliance Jewels Anklet,Jewellery,Reliance Jewels,31,74004.0
904,Malabar Gold Anklet,Jewellery,Malabar Gold,46,76076.0
905,Giva Anklet,Jewellery,Giva,91,26982.0
906,BlueStone Anklet,Jewellery,BlueStone,58,66909.0
907,Bata Sneakers,Footwear,Bata,83,48083.0
908,Woodland Sneakers,Footwear,Woodland,24,88333.0
909,Liberty Sneakers,Footwear,Liberty,7,59991.0
910,Red Chief Sneakers,Footwear,Red Chief,73,80481.0
911,Sparx Sneakers,Footwear,Sparx,47,73577.0
912,Puma Sneakers,Footwear,Puma,77,8388.0
913,Nike Sneakers,Footwear,Nike,39,11879.0
914,Adidas Sneakers,Footwear,Adidas,7,74882.0
915,Bata Formal Shoes,Footwear,Bata,22,74305.0
916,Woodland Formal Shoes,Footwear,Woodland,63,82416.0
917,Liberty Formal Shoes,Footwear,Liberty,48,60900.0
918,Red Chief Formal Shoes,Footwear,Red Chief,34,47698.0
919,Sparx Formal Shoes,Footwear,Sparx,4,51109.0
920,Puma Formal Shoes,Footwear,Puma,83,19570.0
921,Nike Formal Shoes,Footwear,Nike,18,49695.0
922,Adidas Formal Shoes,Footwear,Adidas,45,10937.0
923,Bata Slippers,Footwear,Bata,8,97791.0
924,Woodland Slippers,Footwear,Woodland,64,67174.0
925,Liberty Slippers,Footwear,Liberty,79,58129.0
926,Red Chief Slippers,Footwear,Red Chief,74,13431.0
927,Sparx Slippers,Footwear,Sparx,53,48660.0
928,Puma Slippers,Footwear,Puma,1,33500.0
929,Nike Slippers,Footwear,Nike,64,17102.0
930,Adidas Slippers,Footwear,Adidas,18,2523.0
931,Bata Sandals,Footwear,Bata,41,84240.0
932,Woodland Sandals,Footwear,Woodland,77,45626.0
933,Liberty Sandals,Footwear,Liberty,24,32399.0
934,Red Chief Sandals,Footwear,Red Chief,76,9020.0
935,Sparx Sandals,Footwear,Sparx,87,99282.0
936,Puma Sandals,Footwear,Puma,45,35333.0
937,Nike Sandals,Footwear,Nike,5,9954.0
938,Adidas Sandals,Footwear,Adidas,23,96837.0
939,Bata Boots,Footwear,Bata,28,97133.0
940,Woodland Boots,Footwear,Woodland,12,44415.0
941,Liberty Boots,Footwear,Liberty,64,2348.0
942,Red Chief Boots,Footwear,Red Chief,1,2001.0
943,Sparx Boots,Footwear,Sparx,38,99471.0
944,Puma Boots,Footwear,Puma,14,72415.0
945,Nike Boots,Footwear,Nike,11,46102.0
946,Adidas Boots,Footwear,Adidas,30,29328.0
947,Bata Heels,Footwear,Bata,87,18545.0
948,Woodland Heels,Footwear,Woodland,12,69180.0
949,Liberty Heels,Footwear,Liberty,22,93274.0
950,Red Chief Heels,Footwear,Red Chief,58,4231.0
951,Sparx Heels,Footwear,Sparx,18,63331.0
952,Puma Heels,Footwear,Puma,90,37191.0
953,Nike Heels,Footwear,Nike,48,31985.0
954,Adidas Heels,Footwear,Adidas,16,6740.0
955,Bata Sports Shoes,Footwear,Bata,69,40565.0
956,Woodland Sports Shoes,Footwear,Woodland,42,40861.0
957,Liberty Sports Shoes,Footwear,Liberty,3,64663.0
958,Red Chief Sports Shoes,Footwear,Red Chief,31,45898.0
959,Sparx Sports Shoes,Footwear,Sparx,79,94752.0
960,Puma Sports Shoes,Footwear,Puma,5,60468.0
961,Nike Sports Shoes,Footwear,Nike,2,56511.0
962,Adidas Sports Shoes,Footwear,Adidas,48,77784.0
963,Apollo Pharmacy Paracetamol Strip,Pharmacy,Apollo Pharmacy,36,97983.0
964,1mg Paracetamol Strip,Pharmacy,1mg,2,42498.0
965,NetMeds Paracetamol Strip,Pharmacy,NetMeds,33,92853.0
966,Cipla Paracetamol Strip,Pharmacy,Cipla,10,86380.0
967,Dr Reddys Paracetamol Strip,Pharmacy,Dr Reddys,33,12878.0
968,Sun Pharma Paracetamol Strip,Pharmacy,Sun Pharma,21,73347.0
969,Apollo Pharmacy Vitamin C Tablets,Pharmacy,Apollo Pharmacy,71,54256.0
970,1mg Vitamin C Tablets,Pharmacy,1mg,69,78238.0
971,NetMeds Vitamin C Tablets,Pharmacy,NetMeds,6,4692.0
972,Cipla Vitamin C Tablets,Pharmacy,Cipla,82,73626.0
973,Dr Reddys Vitamin C Tablets,Pharmacy,Dr Reddys,8,34838.0
974,Sun Pharma Vitamin C Tablets,Pharmacy,Sun Pharma,34,82130.0
975,Apollo Pharmacy Cough Syrup,Pharmacy,Apollo Pharmacy,40,170.0
976,1mg Cough Syrup,Pharmacy,1mg,71,96104.0
977,NetMeds Cough Syrup,Pharmacy,NetMeds,61,17869.0
978,Cipla Cough Syrup,Pharmacy,Cipla,27,48751.0
979,Dr Reddys Cough Syrup,Pharmacy,Dr Reddys,1,7205.0
980,Sun Pharma Cough Syrup,Pharmacy,Sun Pharma,68,8124.0
981,Apollo Pharmacy Pain Relief Balm,Pharmacy,Apollo Pharmacy,29,91069.0
982,1mg Pain Relief Balm,Pharmacy,1mg,77,65819.0
983,NetMeds Pain Relief Balm,Pharmacy,NetMeds,75,40099.0
984,Cipla Pain Relief Balm,Pharmacy,Cipla,27,52219.0
985,Dr Reddys Pain Relief Balm,Pharmacy,Dr Reddys,6,1253.0
986,Sun Pharma Pain Relief Balm,Pharmacy,Sun Pharma,23,76469.0
987,Apollo Pharmacy Antibiotic Capsules,Pharmacy,Apollo Pharmacy,12,83871.0
988,1mg Antibiotic Capsules,Pharmacy,1mg,2,47565.0
989,NetMeds Antibiotic Capsules,Pharmacy,NetMeds,58,5776.0
990,Cipla Antibiotic Capsules,Pharmacy,Cipla,24,20587.0
991,Dr Reddys Antibiotic Capsules,Pharmacy,Dr Reddys,89,70088.0
992,Sun Pharma Antibiotic Capsules,Pharmacy,Sun Pharma,83,5171.0
993,Drools Dog Food 1 kg,Pet Care,Drools,11,40220.0
994,Pedigree Dog Food 1 kg,Pet Care,Pedigree,90,53149.0
995,Whiskas Dog Food 1 kg,Pet Care,Whiskas,49,33814.0
996,Heads Up For Tails Dog Food 1 kg,Pet Care,Heads Up For Tails,51,17230.0
997,Wiggles Dog Food 1 kg,Pet Care,Wiggles,67,46053.0
998,Royal Canin Dog Food 1 kg,Pet Care,Royal Canin,78,19260.0
999,Drools Cat Litter 5 kg,Pet Care,Drools,37,49320.0
1000,Pedigree Cat Litter 5 kg,Pet Care,Pedigree,48,65748.0
1001,Whiskas Cat Litter 5 kg,Pet Care,Whiskas,35,5033.0
1002,Heads Up For Tails Cat Litter 5 kg,Pet Care,Heads Up For Tails,51,39824.0
1003,Wiggles Cat Litter 5 kg,Pet Care,Wiggles,74,74056.0
1004,Royal Canin Cat Litter 5 kg,Pet Care,Royal Canin,12,81816.0
1005,Drools Pet Shampoo,Pet Care,Drools,59,17380.0
1006,Pedigree Pet Shampoo,Pet Care,Pedigree,11,7465.0
1007,Whiskas Pet Shampoo,Pet Care,Whiskas,25,25950.0
1008,Heads Up For Tails Pet Shampoo,Pet Care,Heads Up For Tails,71,31361.0
1009,Wiggles Pet Shampoo,Pet Care,Wiggles,6,22461.0
1010,Royal Canin Pet Shampoo,Pet Care,Royal Canin,10,41789.0
1011,Drools Dog Leash,Pet Care,Drools,30,52001.0
1012,Pedigree Dog Leash,Pet Care,Pedigree,48,13550.0
1013,Whiskas Dog Leash,Pet Care,Whiskas,55,78096.0
1014,Heads Up For Tails Dog Leash,Pet Care,Heads Up For Tails,2,44660.0
1015,Wiggles Dog Leash,Pet Care,Wiggles,84,51476.0
1016,Royal Canin Dog Leash,Pet Care,Royal Canin,38,15301.0
1017,Drools Cat Toy Set,Pet Care,Drools,5,49302.0
1018,Pedigree Cat Toy Set,Pet Care,Pedigree,62,53809.0
1019,Whiskas Cat Toy Set,Pet Care,Whiskas,76,88115.0
1020,Heads Up For Tails Cat Toy Set,Pet Care,Heads Up For Tails,27,52666.0
1021,Wiggles Cat Toy Set,Pet Care,Wiggles,53,78313.0
1022,Royal Canin Cat Toy Set,Pet Care,Royal Canin,63,65709.0
1023,Nykaa Foundation,Beauty,Nykaa,25,93732.0
1024,Maybelline Foundation,Beauty,Maybelline,46,43598.0
1025,Lakme Foundation,Beauty,Lakme,41,85795.0
1026,MAC Foundation,Beauty,MAC,48,74295.0
1027,Colorbar Foundation,Beauty,Colorbar,65,39048.0
1028,Revlon Foundation,Beauty,Revlon,7,46425.0
1029,Faces Canada Foundation,Beauty,Faces Canada,84,89269.0
1030,Kay Beauty Foundation,Beauty,Kay Beauty,32,50272.0
1031,Nykaa Lipstick,Beauty,Nykaa,35,99116.0
1032,Maybelline Lipstick,Beauty,Maybelline,21,79559.0
1033,Lakme Lipstick,Beauty,Lakme,24,31586.0
1034,MAC Lipstick,Beauty,MAC,27,32471.0
1035,Colorbar Lipstick,Beauty,Colorbar,57,17159.0
1036,Revlon Lipstick,Beauty,Revlon,76,58854.0
1037,Faces Canada Lipstick,Beauty,Faces Canada,87,62249.0
1038,Kay Beauty Lipstick,Beauty,Kay Beauty,29,51616.0
1039,Nykaa Eyeliner,Beauty,Nykaa,48,36169.0
1040,Maybelline Eyeliner,Beauty,Maybelline,63,87616.0
1041,Lakme Eyeliner,Beauty,Lakme,77,21680.0
1042,MAC Eyeliner,Beauty,MAC,12,19490.0
1043,Colorbar Eyeliner,Beauty,Colorbar,51,65919.0
1044,Revlon Eyeliner,Beauty,Revlon,31,2452.0
1045,Faces Canada Eyeliner,Beauty,Faces Canada,30,14514.0
1046,Kay Beauty Eyeliner,Beauty,Kay Beauty,18,79649.0
1047,Nykaa Perfume,Beauty,Nykaa,9,79818.0
1048,Maybelline Perfume,Beauty,Maybelline,71,71734.0
1049,Lakme Perfume,Beauty,Lakme,11,16857.0
1050,MAC Perfume,Beauty,MAC,56,91848.0
1051,Colorbar Perfume,Beauty,Colorbar,88,54799.0
1052,Revlon Perfume,Beauty,Revlon,91,78901.0
1053,Faces Canada Perfume,Beauty,Faces Canada,46,28264.0
1054,Kay Beauty Perfume,Beauty,Kay Beauty,91,86338.0
1055,Nykaa Face Serum,Beauty,Nykaa,91,56033.0
1056,Maybelline Face Serum,Beauty,Maybelline,44,16227.0
1057,Lakme Face Serum,Beauty,Lakme,44,55382.0
1058,MAC Face Serum,Beauty,MAC,23,53019.0
1059,Colorbar Face Serum,Beauty,Colorbar,55,43935.0
1060,Revlon Face Serum,Beauty,Revlon,15,42161.0
1061,Faces Canada Face Serum,Beauty,Faces Canada,76,65714.0
1062,Kay Beauty Face Serum,Beauty,Kay Beauty,58,69902.0
1063,Nykaa Makeup Kit,Beauty,Nykaa,64,87004.0
1064,Maybelline Makeup Kit,Beauty,Maybelline,37,33962.0
1065,Lakme Makeup Kit,Beauty,Lakme,79,33885.0
1066,MAC Makeup Kit,Beauty,MAC,9,25664.0
1067,Colorbar Makeup Kit,Beauty,Colorbar,76,97457.0
1068,Revlon Makeup Kit,Beauty,Revlon,84,45119.0
1069,Faces Canada Makeup Kit,Beauty,Faces Canada,35,6098.0
1070,Kay Beauty Makeup Kit,Beauty,Kay Beauty,20,14758.0
1071,Penguin Fiction Novel,Books,Penguin,24,8168.0
1072,HarperCollins Fiction Novel,Books,HarperCollins,91,89817.0
1073,Rupa Fiction Novel,Books,Rupa,20,55002.0
1074,Scholastic Fiction Novel,Books,Scholastic,18,68088.0
1075,Bloomsbury Fiction Novel,Books,Bloomsbury,10,61777.0
1076,Penguin Non-Fiction Book,Books,Penguin,17,21153.0
1077,HarperCollins Non-Fiction Book,Books,HarperCollins,9,12263.0
1078,Rupa Non-Fiction Book,Books,Rupa,50,21153.0
1079,Scholastic Non-Fiction Book,Books,Scholastic,22,55579.0
1080,Bloomsbury Non-Fiction Book,Books,Bloomsbury,45,50774.0
1081,Penguin Children Story Book,Books,Penguin,38,34266.0
1082,HarperCollins Children Story Book,Books,HarperCollins,25,99376.0
1083,Rupa Children Story Book,Books,Rupa,90,72590.0
1084,Scholastic Children Story Book,Books,Scholastic,61,19709.0
1085,Bloomsbury Children Story Book,Books,Bloomsbury,15,40179.0
1086,Penguin Educational Textbook,Books,Penguin,44,10988.0
1087,HarperCollins Educational Textbook,Books,HarperCollins,45,75742.0
1088,Rupa Educational Textbook,Books,Rupa,52,33538.0
1089,Scholastic Educational Textbook,Books,Scholastic,35,33316.0
1090,Bloomsbury Educational Textbook,Books,Bloomsbury,59,25318.0
1091,Penguin Comics,Books,Penguin,7,35217.0
1092,HarperCollins Comics,Books,HarperCollins,16,29430.0
1093,Rupa Comics,Books,Rupa,9,13669.0
1094,Scholastic Comics,Books,Scholastic,63,25468.0
1095,Bloomsbury Comics,Books,Bloomsbury,6,49624.0
1096,Sony PlayStation Console,Gaming,Sony PlayStation,56,69368.0
1097,Microsoft Xbox Console,Gaming,Microsoft Xbox,42,12678.0
1098,Razer Console,Gaming,Razer,71,6290.0
1099,Logitech G Console,Gaming,Logitech G,65,69305.0
1100,HyperX Console,Gaming,HyperX,85,83781.0
1101,ASUS ROG Console,Gaming,ASUS ROG,53,89832.0
1102,Sony PlayStation Controller,Gaming,Sony PlayStation,38,29694.0
1103,Microsoft Xbox Controller,Gaming,Microsoft Xbox,60,65094.0
1104,Razer Controller,Gaming,Razer,16,85460.0
1105,Logitech G Controller,Gaming,Logitech G,90,74968.0
1106,HyperX Controller,Gaming,HyperX,5,14208.0
1107,ASUS ROG Controller,Gaming,ASUS ROG,83,20190.0
1108,Sony PlayStation Headset,Gaming,Sony PlayStation,80,36900.0
1109,Microsoft Xbox Headset,Gaming,Microsoft Xbox,24,15600.0
1110,Razer Headset,Gaming,Razer,70,72873.0
1111,Logitech G Headset,Gaming,Logitech G,68,77493.0
1112,HyperX Headset,Gaming,HyperX,52,64554.0
1113,ASUS ROG Headset,Gaming,ASUS ROG,28,82396.0
1114,Sony PlayStation Gaming Chair,Gaming,Sony PlayStation,30,7356.0
1115,Microsoft Xbox Gaming Chair,Gaming,Microsoft Xbox,65,47428.0
1116,Razer Gaming Chair,Gaming,Razer,55,20469.0
1117,Logitech G Gaming Chair,Gaming,Logitech G,21,17662.0
1118,HyperX Gaming Chair,Gaming,HyperX,50,2105.0
1119,ASUS ROG Gaming Chair,Gaming,ASUS ROG,9,63023.0
1120,Sony PlayStation Game Disc,Gaming,Sony PlayStation,21,43366.0
1121,Microsoft Xbox Game Disc,Gaming,Microsoft Xbox,80,81700.0
1122,Razer Game Disc,Gaming,Razer,27,49162.0
1123,Logitech G Game Disc,Gaming,Logitech G,83,39228.0
1124,HyperX Game Disc,Gaming,HyperX,76,38730.0
1125,ASUS ROG Game Disc,Gaming,ASUS ROG,23,89189.0
1126,Sony PlayStation Mouse Pad,Gaming,Sony PlayStation,5,42587.0
1127,Microsoft Xbox Mouse Pad,Gaming,Microsoft Xbox,59,81890.0
1128,Razer Mouse Pad,Gaming,Razer,64,65453.0
1129,Logitech G Mouse Pad,Gaming,Logitech G,88,27948.0
1130,HyperX Mouse Pad,Gaming,HyperX,50,31880.0
1131,ASUS ROG Mouse Pad,Gaming,ASUS ROG,5,4585.0
1132,Trust Basket Plant Pot,Gardening,Trust Basket,22,57197.0
1133,Green Grow Plant Pot,Gardening,Green Grow,90,75712.0
1134,Ugaoo Plant Pot,Gardening,Ugaoo,67,27886.0
1135,Plantix Plant Pot,Gardening,Plantix,19,34932.0
1136,Fertiline Plant Pot,Gardening,Fertiline,9,59219.0
1137,Trust Basket Fertilizer Pack,Gardening,Trust Basket,19,43768.0
1138,Green Grow Fertilizer Pack,Gardening,Green Grow,31,51652.0
1139,Ugaoo Fertilizer Pack,Gardening,Ugaoo,8,50687.0
1140,Plantix Fertilizer Pack,Gardening,Plantix,43,84483.0
1141,Fertiline Fertilizer Pack,Gardening,Fertiline,20,76694.0
1142,Trust Basket Seeds Packet,Gardening,Trust Basket,21,43222.0
1143,Green Grow Seeds Packet,Gardening,Green Grow,36,30159.0
1144,Ugaoo Seeds Packet,Gardening,Ugaoo,57,27987.0
1145,Plantix Seeds Packet,Gardening,Plantix,33,90574.0
1146,Fertiline Seeds Packet,Gardening,Fertiline,86,36570.0
1147,Trust Basket Watering Can,Gardening,Trust Basket,66,51298.0
1148,Green Grow Watering Can,Gardening,Green Grow,18,95709.0
1149,Ugaoo Watering Can,Gardening,Ugaoo,32,57588.0
1150,Plantix Watering Can,Gardening,Plantix,28,4881.0
1151,Fertiline Watering Can,Gardening,Fertiline,52,36470.0
1152,Trust Basket Garden Gloves,Gardening,Trust Basket,41,76281.0
1153,Green Grow Garden Gloves,Gardening,Green Grow,76,62493.0
1154,Ugaoo Garden Gloves,Gardening,Ugaoo,15,6598.0
1155,Plantix Garden Gloves,Gardening,Plantix,81,96502.0
1156,Fertiline Garden Gloves,Gardening,Fertiline,81,8800.0
1157,Bisleri Soda Bottle,Beverages,Bisleri,41,23114.0
1158,Pepsi Soda Bottle,Beverages,Pepsi,47,48191.0
1159,Coca Cola Soda Bottle,Beverages,Coca Cola,20,626.0
1160,Real Juice Soda Bottle,Beverages,Real Juice,45,90910.0
1161,Paper Boat Soda Bottle,Beverages,Paper Boat,39,74634.0
1162,Red Bull Soda Bottle,Beverages,Red Bull,2,64210.0
1163,Bisleri Fruit Juice,Beverages,Bisleri,25,97254.0
1164,Pepsi Fruit Juice,Beverages,Pepsi,83,58280.0
1165,Coca Cola Fruit Juice,Beverages,Coca Cola,76,83933.0
1166,Real Juice Fruit Juice,Beverages,Real Juice,64,82058.0
1167,Paper Boat Fruit Juice,Beverages,Paper Boat,59,30447.0
1168,Red Bull Fruit Juice,Beverages,Red Bull,1,13798.0
1169,Bisleri Energy Drink,Beverages,Bisleri,3,58001.0
1170,Pepsi Energy Drink,Beverages,Pepsi,64,87646.0
1171,Coca Cola Energy Drink,Beverages,Coca Cola,46,67230.0
1172,Real Juice Energy Drink,Beverages,Real Juice,66,36036.0
1173,Paper Boat Energy Drink,Beverages,Paper Boat,39,13579.0
1174,Red Bull Energy Drink,Beverages,Red Bull,11,46093.0
1175,Bisleri Packaged Water,Beverages,Bisleri,2,95286.0
1176,Pepsi Packaged Water,Beverages,Pepsi,74,62066.0
1177,Coca Cola Packaged Water,Beverages,Coca Cola,64,22158.0
1178,Real Juice Packaged Water,Beverages,Real Juice,14,80141.0
1179,Paper Boat Packaged Water,Beverages,Paper Boat,1,79156.0
1180,Red Bull Packaged Water,Beverages,Red Bull,41,42264.0
1181,Bisleri Cold Coffee,Beverages,Bisleri,90,97905.0
1182,Pepsi Cold Coffee,Beverages,Pepsi,90,32862.0
1183,Coca Cola Cold Coffee,Beverages,Coca Cola,42,67203.0
1184,Real Juice Cold Coffee,Beverages,Real Juice,50,91512.0
1185,Paper Boat Cold Coffee,Beverages,Paper Boat,5,8236.0
1186,Red Bull Cold Coffee,Beverages,Red Bull,48,25776.0
1187,Skybags Backpack,Travel,Skybags,48,60557.0
1188,American Tourister Backpack,Travel,American Tourister,55,33801.0
1189,Safari Backpack,Travel,Safari,57,54366.0
1190,Wildcraft Backpack,Travel,Wildcraft,91,5636.0
1191,VIP Backpack,Travel,VIP,6,95322.0
1192,Aristocrat Backpack,Travel,Aristocrat,16,96302.0
1193,Skybags Suitcase,Travel,Skybags,8,25153.0
1194,American Tourister Suitcase,Travel,American Tourister,76,92525.0
1195,Safari Suitcase,Travel,Safari,12,26563.0
1196,Wildcraft Suitcase,Travel,Wildcraft,35,56262.0
1197,VIP Suitcase,Travel,VIP,87,24448.0
1198,Aristocrat Suitcase,Travel,Aristocrat,5,18131.0
1199,Skybags Travel Adapter,Travel,Skybags,5,33928.0
1200,American Tourister Travel Adapter,Travel,American Tourister,58,94764.0
1201,Safari Travel Adapter,Travel,Safari,68,89914.0
1202,Wildcraft Travel Adapter,Travel,Wildcraft,19,90305.0
1203,VIP Travel Adapter,Travel,VIP,44,33473.0
1204,Aristocrat Travel Adapter,Travel,Aristocrat,61,17448.0
1205,Skybags Power Bank,Travel,Skybags,69,18314.0
1206,American Tourister Power Bank,Travel,American Tourister,47,74545.0
1207,Safari Power Bank,Travel,Safari,3,79915.0
1208,Wildcraft Power Bank,Travel,Wildcraft,63,99048.0
1209,VIP Power Bank,Travel,VIP,14,64131.0
1210,Aristocrat Power Bank,Travel,Aristocrat,68,68907.0
1211,Skybags Neck Pillow,Travel,Skybags,36,64545.0
1212,American Tourister Neck Pillow,Travel,American Tourister,16,91833.0
1213,Safari Neck Pillow,Travel,Safari,56,63748.0
1214,Wildcraft Neck Pillow,Travel,Wildcraft,33,73551.0
1215,VIP Neck Pillow,Travel,VIP,76,52917.0
1216,Aristocrat Neck Pillow,Travel,Aristocrat,10,26234.0
